Isotope,A,N,E_model,BE/A,Virial,Q_actual,Q_backbone,Stress,Expected
C-11,11,5,27.38275146484375,2.489341042258523,0.3201751708984375,0,0,0,Starved (Q < Q_backbone)
C-12,12,6,29.231124877929688,2.435927073160807,0.17990875244140625,0,0,0,Resonant (Q ≈ Q_backbone) ← ZERO CROSSING
C-13,13,7,38.17433166503906,2.936487051156851,0.02728271484375,0,0,0,Heavy (Q > Q_backbone)
C-14,14,8,51.80699920654297,3.700499943324498,0.23773956298828125,0,0,0,Over-massive (Q >> Q_backbone)
