{
  "k_J": 10.738440462408825,
  "eta_prime": -7.966584524971481,
  "xi": -6.953220689177458,
  "alpha0": -17.948560252618883,
  "sigma_alpha": 1.3974784172228887,
  "nu": 6.536261778896608,
  "k_J_std": 4.5668183278239445,
  "eta_prime_std": 1.4418443683517064,
  "xi_std": 3.7486645515357084,
  "alpha0_std": 0.13456009888123902,
  "sigma_alpha_std": 0.022931726971366383,
  "nu_std": 0.9746313812704394
}