{
  "figure": "figure_corner.pdf",
  "created": "2025-11-08T21:24:54.299430",
  "software": {
    "numpy": "2.3.4",
    "matplotlib": "3.10.7"
  },
  "stage2_dir": "../results/v15_production/stage2",
  "n_samples": 4000,
  "parameters": [
    "k_J",
    "eta_prime",
    "xi"
  ],
  "summary": {
    "k_J": {
      "median": 10.543178662085978,
      "mean": 10.514034956200774,
      "std": 1.4271539795056272,
      "p16": 9.09129383369607,
      "p84": 11.891673202142137
    },
    "eta_prime": {
      "median": 0.00794893634006838,
      "mean": 0.007787082430689871,
      "std": 0.01829640127100204,
      "p16": -0.009965710665586552,
      "p84": 0.025721250589109353
    },
    "xi": {
      "median": 6.479070701970654,
      "mean": 6.474092548119872,
      "std": 1.229421777582483,
      "p16": 5.245560760009988,
      "p84": 7.6764971183091895
    }
  },
  "git_sha": "551c17c66f90192e21a6f69993c122deecfb4ad4"
}