{
  "figure": "figure_corner.pdf",
  "created": "2025-11-08T17:00:34.321188",
  "software": {
    "numpy": "2.3.2",
    "matplotlib": "3.10.5"
  },
  "stage2_dir": "../results/v15_production/stage2",
  "n_samples": 4000,
  "parameters": [
    "k_J",
    "eta_prime",
    "xi",
    "sigma_alpha",
    "nu"
  ],
  "summary": {
    "k_J": {
      "median": 10.770038588319618,
      "mean": 10.693676943051221,
      "std": 4.566720120697059,
      "p16": 6.202957640263524,
      "p84": 15.171146091631098
    },
    "eta_prime": {
      "median": -7.987900510670775,
      "mean": -7.969727111026605,
      "std": 1.4390699801244529,
      "p16": -9.378152142793772,
      "p84": -6.525707673789413
    },
    "xi": {
      "median": -6.907618767280434,
      "mean": -6.883778024953788,
      "std": 3.745818404624118,
      "p16": -10.569038721857385,
      "p84": -3.1508006037120277
    },
    "sigma_alpha": {
      "median": 1.397654940621201,
      "mean": 1.3973285300806204,
      "std": 0.023620082664270587,
      "p16": 1.3736746307263858,
      "p84": 1.420482509605251
    },
    "nu": {
      "median": 6.52209835760152,
      "mean": 6.599775489826764,
      "std": 0.9613573854160702,
      "p16": 5.669228678084733,
      "p84": 7.503247642740296
    }
  },
  "git_sha": "4639f37dc3f87013923f3b6de8c50871d62cfd3a"
}