{
  "meta": {
    "n_samples": 8000,
    "standardizer": {
      "means": [
        0.42403245674089207,
        0.5515534695012048,
        0.33603726763263336
      ],
      "scales": [
        0.17246176805957691,
        0.2787420913313512,
        0.1108609475653783
      ]
    },
    "survey_names": [
      "DES"
    ]
  },
  "standardized": {
    "alpha0": {
      "mean": -20.128154965848864,
      "std": 0.02243157763461356,
      "median": -20.128351326372023,
      "q05": -20.164806982610735,
      "q95": -20.091078889509664,
      "min": -20.223276910077544,
      "max": -20.049004047418148,
      "n": 8000
    },
    "c0": {
      "mean": 1.8501646196223227,
      "std": 0.7876507929364331,
      "median": 1.8519704283495266,
      "q05": 0.5540389611711799,
      "q95": 3.1545296989158866,
      "min": -1.11670154247045,
      "max": 4.738815673528938,
      "n": 8000
    },
    "c1": {
      "mean": -2.2214512535720807,
      "std": 0.40192783588349285,
      "median": -2.2206224312585294,
      "q05": -2.883835506825359,
      "q95": -1.5675418858610572,
      "min": -3.6613390631437928,
      "max": -0.7510476137294618,
      "n": 8000
    },
    "c2": {
      "mean": -0.7699563789169888,
      "std": 0.41560648050480625,
      "median": -0.7708406342334058,
      "q05": -1.44903950464391,
      "q95": -0.0887657560419663,
      "min": -2.3236777704076053,
      "max": 0.7598325174471301,
      "n": 8000
    },
    "corr": {
      "c0_c1": -0.9668366406351957,
      "c0_c2": -0.9688376593509702,
      "c1_c2": 0.875073347086188
    }
  },
  "physical": {
    "alpha0": {
      "mean": -17.94766400021048,
      "std": 0.1345685096759393,
      "median": -17.94856025261888,
      "q05": -18.168743452466753,
      "q95": -17.728959440157688,
      "min": -18.520372071414283,
      "max": -17.3804084200815,
      "n": 8000
    },
    "k_J": {
      "mean": 10.727969685334454,
      "std": 4.567103780730922,
      "median": 10.738440462408825,
      "q05": 3.2125320724984516,
      "q95": 18.291182645339426,
      "min": -6.475067228144649,
      "max": 27.477485165824778,
      "n": 8000
    },
    "eta_prime": {
      "mean": -7.969557962924797,
      "std": 1.4419344920739152,
      "median": -7.966584524971481,
      "q05": -10.345891763426698,
      "q95": -5.6236282018766275,
      "min": -13.135221328275899,
      "max": -2.6944176609361206,
      "n": 8000
    },
    "xi": {
      "mean": -6.945244433012991,
      "std": 3.748898865037299,
      "median": -6.953220689177458,
      "q05": -13.070784044934888,
      "q95": -0.800694545657011,
      "min": -20.96029144110695,
      "max": 6.853924074562254,
      "n": 8000
    },
    "corr": {
      "kJ_xi": -0.9688376593509703,
      "kJ_eta": -0.966836640635196,
      "eta_xi": 0.8750733470861882
    }
  },
  "noise": {
    "sigma_alpha": {
      "all": {
        "mean": 1.397328655928401,
        "std": 0.022933160338681677,
        "median": 1.3974784172228887,
        "q05": 1.3594630203858635,
        "q95": 1.43599753324776,
        "min": 1.2973559700623394,
        "max": 1.4907629896514374,
        "n": 8000
      }
    },
    "nu": {
      "mean": 6.618932188616295,
      "std": 0.9746923014430945,
      "median": 6.536261778896608,
      "q05": 5.202370762333317,
      "q95": 8.354211654095348,
      "min": 3.9363936237550554,
      "max": 11.345419903807421,
      "n": 8000
    }
  },
  "quicklook": {
    "alpha0_phys_median": -17.94856025261888,
    "alpha0_phys_mean": -17.94766400021048
  }
}