{
    "analysis_metadata": {
        "model": "unified_stability_v2",
        "script": "GPT_fit_lifetimes_v2.py",
        "timestamp": "2025-09-07T15:26:19.454300Z",
        "device": "cpu"
    },
    "inputs": {
        "muon_manifest": "v2_bundles/muon_105MeV_v1/bundle_manifest.json",
        "tau_manifest": "v2_bundles/tau_1777MeV_v1/bundle_manifest.json",
        "electron_manifest": "v2_bundles/electron_511keV_v1/bundle_manifest.json",
        "chi_mode": "q_over_I",
        "anchors_source": "anchor-bundle",
        "anchors": {
            "U0": 0.0014321832326822273,
            "Re": 15.925079561016641,
            "Ie": 253.60815902471,
            "Ke": 8.38322639465332
        },
        "exponent_mode": "single",
        "exponents_requested": {
            "aU": 8.0,
            "aR": 1.0,
            "aI": 0.5,
            "aK": 1.0
        }
    },
    "fit_result": {
        "best_exponents": {
            "aU": 8.0,
            "aR": 1.0,
            "aI": 0.5,
            "aK": 1.0
        },
        "beta": 13959.059571378895,
        "k0": 0.0,
        "ln_k0": -22630.822611779182,
        "sse": 6.857463719446766e-24,
        "diagnostics": {
            "delta_chi": -0.0011352367070425196,
            "beta_sign_ok": true,
            "electron_check": {
                "evaluated": true,
                "tau_pred_seconds": 8.862362197261348e+81,
                "warn_unstable_electron": false
            }
        }
    },
    "species": {
        "muon": {
            "features": {
                "U": 0.0014502341867838702,
                "R_eff": 15.995971445583663,
                "I": 255.8711024879279,
                "K": 8.477668762207031,
                "chi": 1.6202879705977187
            },
            "ln_gamma_star": 0.0978810497689024,
            "ln_tau_exp": -13.028426367238767,
            "ln_tau_pred": -13.028426367240172,
            "tau_pred_seconds": 2.196981099996914e-06
        },
        "tau": {
            "features": {
                "U": 0.0014516885122173027,
                "R_eff": 16.00157809148319,
                "I": 256.05050141783477,
                "K": 8.488847732543945,
                "chi": 1.6191527338906762
            },
            "ln_gamma_star": 0.1052827143501089,
            "ln_tau_exp": -28.8678615238801,
            "ln_tau_pred": -28.86786152388231,
            "tau_pred_seconds": 2.9029999999935834e-13
        }
    },
    "status": "ok",
    "error": null
}