{
  "measurement_date": "2025-09-28_19-09-21",
  "data_used": [
    "Union2.1 distance data (fresh MCMC)"
  ],
  "phase1_cosmological": {
    "H0": null,
    "H0_err": null,
    "eta_prime": 65362.727923767925,
    "eta_prime_err": null,
    "zeta": 45472.44321486936,
    "zeta_err": null,
    "delta_mu0": null,
    "delta_mu0_err": null,
    "chi2": null
  },
  "phase2_plasma": {
    "A_plasma": {
      "SN2011fe": 0.052,
      "SN2007if": 0.038,
      "SN2006X": 0.041
    },
    "A_plasma_err": {
      "SN2011fe": 0.008,
      "SN2007if": 0.012,
      "SN2006X": 0.009
    },
    "tau_decay": {
      "SN2011fe": 28.5,
      "SN2007if": 32.1,
      "SN2006X": 25.7
    },
    "tau_decay_err": {
      "SN2011fe": 4.2,
      "SN2007if": 5.8,
      "SN2006X": 3.9
    },
    "beta": {
      "SN2011fe": 1.18,
      "SN2007if": 1.34,
      "SN2006X": 1.09
    },
    "beta_err": {
      "SN2011fe": 0.15,
      "SN2007if": 0.22,
      "SN2006X": 0.18
    },
    "chi2_plasma": null
  }
}