Model,K,d,RMSE_soft,R2_soft,RMSE_hard,R2_hard,LL
A-only,2,2,1.8465907550101106,0.9951912170430407,2.1317925633139256,0.9935910962752588,-15834.027495558092
Augmented,2,2,1.8465907550101106,0.9951912170430407,2.1317925633139256,0.9935910962752588,-15834.027495558092
