{
  "status": "ok",
  "A": 4,
  "Z": 2,
  "alpha_eff": 2.2322313687475823,
  "beta_eff": 5.145070910582703,
  "coeffs_raw": {
    "c_v2_base": 2.2,
    "c_v2_iso": 0.027,
    "c_v2_mass": -0.0002,
    "c_v4_base": 5.28,
    "c_v4_size": -0.085,
    "A13": 1.5874010519681994
  },
  "E_model": 0.19968478381633759,
  "virial": 0.5553914904594421,
  "virial_abs": 0.5553914904594421,
  "coulomb": "spectral",
  "coulomb_charge_mode": "gemini",
  "alpha_coul": 1.0,
  "alpha0": null,
  "gamma": 0.8,
  "c_v2_base": 2.2,
  "c_v2_iso": 0.027,
  "c_v2_mass": -0.0002,
  "c_v4_base": 5.28,
  "c_v4_size": -0.085,
  "kappa_rho": 0.03,
  "kappa_rho0": null,
  "kappa_rho_exp": 1.0,
  "alpha_e_scale": 1.0,
  "beta_e_scale": 0.5,
  "c_sym": 25.0,
  "alpha_model": "exp",
  "coulomb_legacy": "current",
  "lambda_R2": 0.0003,
  "lambda_R3": 0.001,
  "B_target": 0.01,
  "grid_points": 32,
  "dx": 1.0,
  "iters_outer": 150,
  "lr_psi": 0.01,
  "lr_B": 0.01,
  "seed": 4242,
  "init": "gauss",
  "tol": 0.3,
  "elapsed_sec": 1.960634708404541,
  "physical_success": false,
  "T_N": 0.1766217201948166,
  "T_e": 0.00022058302420191467,
  "T_rotor": 0.0001555194176035002,
  "V4_N": 0.019668791443109512,
  "V6_N": 0.0005504664732143283,
  "V4_e": 2.1140760253501867e-08,
  "V6_e": 3.4951045963654837e-13,
  "V_iso": 0.0,
  "V_rotor": 0.0005137313855811954,
  "V_surf": 0.0005245315260253847,
  "V_coul_cross": 0.00037079062894918025,
  "V_mass_N": 0.0,
  "V_mass_e": 0.0,
  "V_sym": 0.0
}