{
  "params": {
    "c_v2_base": 2.201711,
    "c_v2_iso": 0.027035,
    "c_v2_mass": -0.000205,
    "c_v4_base": 5.282364,
    "c_v4_size": -0.085018,
    "alpha_e_scale": 1.007419,
    "beta_e_scale": 0.504312,
    "c_sym": 25.0,
    "kappa_rho": 0.029816
  },
  "loss": 3.3333641700040517,
  "metrics": {
    "loss": 3.3333641700040517,
    "n_success": 2,
    "n_total": 3
  },
  "results": [
    {
      "A": 16,
      "Z": 8,
      "E_exp_MeV": 14899.16863655,
      "E_interaction": -36.744598388671875,
      "E_total_QFD": 14990.039401611328,
      "rel_error": 0.006099049368325601,
      "virial_abs": 0.052371978759765625,
      "virial_penalty": 0.0
    },
    {
      "A": 40,
      "Z": 20,
      "E_exp_MeV": 37224.9176948,
      "E_interaction": -618.890625,
      "E_total_QFD": 36948.06937500001,
      "rel_error": -0.007437177486054432,
      "virial_abs": 0.12030029296875,
      "virial_penalty": 0.0
    }
  ]
}