ell,C_TT,C_EE,C_TE,rho_TE
2,1.234567e-03,3.086418e-04,5.678901e-04,0.750000
3,2.345678e-03,5.864195e-04,1.012345e-03,0.745000
4,3.456789e-03,8.641975e-04,1.456789e-03,0.740000
5,4.567890e-03,1.141975e-03,1.901234e-03,0.735000
10,9.012345e-03,2.253086e-03,3.456789e-03,0.720000
20,1.789012e-02,4.472531e-03,6.789012e-03,0.690000
50,4.234567e-02,1.058642e-02,1.567890e-02,0.650000
100,7.890123e-02,1.972531e-02,2.890123e-02,0.600000