component,c1,c2,sigma2,pi,n_hard
0,-0.15001875832177242,0.4131068535018407,3.089067187804947,0.31009126411474713,1875
1,0.5567690350100581,0.31148964620161995,3.137229362558985,0.3841791622583826,2185
2,1.158901231222643,0.22864923405504498,4.041480768477979,0.30572957354568625,1782
