survey,N,mean,std,mad,skew,frac_gt3sigma
DES,77.0,0.2566728883961746,2.0503652932073715,2.1845178129269427,0.023728513496496375,0.0
HST,68.0,-0.3197493404213422,1.9400754069855832,2.000681704561413,-0.06428564783363117,0.0
Pantheon+,74.0,-0.169464779873089,1.7565011466945992,1.8213210346663862,-0.011824153077754319,0.0
SDSS,81.0,0.019973240094617088,2.300957825494847,2.175683669216437,0.22067113510803577,0.0
