survey,N,mean,std,mad,skew,frac_gt3sigma
DES,77.0,46.36425574091963,20.205534048630422,18.396631971737275,-0.6396089142479582,0.0
HST,68.0,46.34710455106789,24.147101951226325,30.611790110829865,-0.3145742906293042,0.0
Pantheon+,74.0,43.09427795769736,21.73172546321837,25.5916719435552,-0.4230240792238608,0.0
SDSS,81.0,44.82601052286823,23.405497868293352,27.070898996188255,-0.29499238068664163,0.0
