survey,N,rms_alpha
SDSS,57,2.3051405179312305
HST,47,1.9492667665238423
DES,54,2.0099796121172666
Pantheon+,52,1.7115880802898382
