cluster,n,c0,c1,c2,rmse,r2
0,1692,-11.837269231512092,1.6420439589721072,0.16398608262725742,2.2281958755342215,0.9850338307147264
1,1911,30.07342647581244,-1.1740038142480338,0.46577422544754554,2.4836651289912846,0.9694340323920935
2,1071,-3.214144517506835,0.9822027030656546,0.288130898869589,1.883752160224308,0.9854932890132364
