cluster,n,c0,c1,c2,rmse,r2
0,2963,-13.630202765092038,1.4357793244154244,0.22516257419569746,2.7479749105265556,0.9858820693771334
1,1711,-3.4571217723878944,0.886731354726905,0.30927099695148047,2.0946913621928873,0.9923434718224035
