cluster,n,c0,c1,c2,rmse,r2
0,4674,-2.6837225300550296,0.8615258571747251,0.2734713808327562,3.7895596297014236,0.9798248154638262
