K,bic,aic,rmse_train,rmse_test
1,38843.9601423621,38811.7112897866,3.7895596297014236,3.8758322428559437
2,38100.492175482956,38029.54469981687,2.5284900834987187,2.5441160926091326
3,37596.909009289586,37487.2629105329,2.265496499718421,2.244605780967512
