c0,c1,c2,rmse,r2,n
-2.7134048494585055,0.8633190561400251,0.2734069104832486,3.806935797159488,0.9795616907014657,5842
