{
  "name": "muon",
  "species": "muon",
  "mass_eV": 105658374.4,
  "charge": -1.0,
  "spin": 0.5,
  "magnetic_moment": -1.0011659208,
  "g_factor": -2.0023318416,
  "rest_energy_target": 105700000.0,
  "physics_constants": {
    "V2": 0.0,
    "V4": 11.0,
    "g_c": 0.985,
    "k_csr": 0.0,
    "q_star": 2.166144847869873,
    "q_star_rms_internal": 95.37,
    "psi_floor": -0.01302411286421106
  },
  "notes": "Muon parameters with canonical Phoenix values. Mass ~207x electron."
}