{
  "k_J": 10.693676943051221,
  "eta_prime": -7.969727111026605,
  "xi": -6.883778024953788,
  "alpha0": -17.953769381011,
  "sigma_alpha": 1.3973285300806204,
  "nu": 6.599775489826764,
  "k_J_std": 4.567291067766951,
  "eta_prime_std": 1.4392498976071995,
  "xi_std": 3.746286719735609,
  "alpha0_std": 0.13269701596764233,
  "sigma_alpha_std": 0.023623035728314666,
  "nu_std": 0.9614775776257561
}
