{
  "n_samples": 4000,
  "parameters": [
    "k_J",
    "eta_prime",
    "xi"
  ],
  "mean": {
    "k_J": 10.514034956200774,
    "eta_prime": 0.007787082430689871,
    "xi": 6.474092548119872
  },
  "std": {
    "k_J": 1.4271539795056272,
    "eta_prime": 0.01829640127100204,
    "xi": 1.229421777582483
  }
}