{
  "meta": {
    "n_samples": 4000,
    "standardizer": {
      "means": [
        0.42403245674089207,
        0.5515534695012048,
        0.33603726763263336
      ],
      "scales": [
        0.17246176805957691,
        0.2787420913313512,
        0.1108609475653783
      ]
    },
    "survey_names": [
      "DES"
    ]
  },
  "standardized": {
    "alpha0": {
      "mean": -20.128239872815133,
      "std": 0.022492372259810944,
      "median": -20.12857944420378,
      "q05": -20.16440649127143,
      "q95": -20.091727614744016,
      "min": -20.20219887204024,
      "max": -20.04193817037304,
      "n": 4000
    },
    "c0": {
      "mean": 1.844250432656545,
      "std": 0.7876830927898014,
      "median": 1.8574198970114713,
      "q05": 0.5296431703731909,
      "q95": 3.09866237715555,
      "min": -1.436829615923641,
      "max": 4.950241909317789,
      "n": 4000
    },
    "c1": {
      "mean": -2.221498402267724,
      "std": 0.4011795264074638,
      "median": -2.22656409369114,
      "q05": -2.8692843412941635,
      "q95": -1.5565858236981196,
      "min": -3.773352814031303,
      "max": -0.4802720843191888,
      "n": 4000
    },
    "c2": {
      "mean": -0.7631421546761052,
      "std": 0.4153168956014824,
      "median": -0.7657851619610994,
      "q05": -1.4379999766176044,
      "q95": -0.06122180831180322,
      "min": -2.3641923691040025,
      "max": 0.763607483082468,
      "n": 4000
    },
    "corr": {
      "c0_c1": -0.9678771631033459,
      "c0_c2": -0.9699510760017723,
      "c1_c2": 0.8792651532297883
    }
  },
  "physical": {
    "alpha0": {
      "mean": -17.953769381011,
      "std": 0.13269701596764233,
      "median": -17.954051221478892,
      "q05": -18.169511403454358,
      "q95": -17.73735657082011,
      "min": -18.3866579017822,
      "max": -17.463884723224833,
      "n": 4000
    },
    "k_J": {
      "mean": 10.693676943051221,
      "std": 4.567291067766951,
      "median": 10.770038588319618,
      "q05": 3.0710758467362207,
      "q95": 17.967242317063093,
      "min": -8.331293550390184,
      "max": 28.703416212268728,
      "n": 4000
    },
    "eta_prime": {
      "mean": -7.969727111026605,
      "std": 1.4392498976071995,
      "median": -7.987900510670775,
      "q05": -10.293688791634047,
      "q95": -5.584322827827777,
      "min": -13.537075782163724,
      "max": -1.722998066152382,
      "n": 4000
    },
    "xi": {
      "mean": -6.883778024953788,
      "std": 3.746286719735609,
      "median": -6.907618767280434,
      "q05": -12.971204091229412,
      "q95": -0.5522396268144716,
      "min": -21.32574563923659,
      "max": 6.8879754309527605,
      "n": 4000
    },
    "corr": {
      "kJ_xi": -0.9699510760017721,
      "kJ_eta": -0.9678771631033456,
      "eta_xi": 0.8792651532297879
    }
  },
  "noise": {
    "sigma_alpha": {
      "all": {
        "mean": 1.3973285300806204,
        "std": 0.023623035728314666,
        "median": 1.397654940621201,
        "q05": 1.3582346072748623,
        "q95": 1.4357832425501458,
        "min": 1.3063965051762139,
        "max": 1.484830969996205,
        "n": 4000
      }
    },
    "nu": {
      "mean": 6.599775489826764,
      "std": 0.9614775776257561,
      "median": 6.52209835760152,
      "q05": 5.192603429585713,
      "q95": 8.321592980133191,
      "min": 3.874333033385437,
      "max": 12.94401137232791,
      "n": 4000
    }
  },
  "quicklook": {
    "alpha0_phys_median": -17.954051221478892,
    "alpha0_phys_mean": -17.953769381011
  }
}