{
  "chi2": 2054.1045854450513,
  "nu": 576,
  "reduced_chi2": 3.5661537941754364,
  "AIC": 2062.1045854450513,
  "BIC": 2079.5566978592133,
  "rms_residual": 0.2822854790398325,
  "data_points": 580,
  "converged": true,
  "parameters_fitted": 4
}