{
  "timestamp": "2025-12-28T09:36:43.311498",
  "R_e_flow_fm": 386.16438356164383,
  "R_e_core_fm": 245.83988195948106,
  "\u03b2": {
    "median": 3.0626916747446167,
    "std": 0.14911392726366485,
    "q16": 2.915001538389057,
    "q84": 3.210278210203762
  },
  "\u03be": {
    "median": 0.9654837210169056,
    "std": 0.5493934406180273,
    "q16": 0.5953173394014432,
    "q84": 1.5855628542819589
  },
  "\u03c4": {
    "median": 1.0073155701512924,
    "std": 0.6583558914303499,
    "q16": 0.6244709471524142,
    "q84": 1.739981345044054
  },
  "result": "success",
  "beta_target": 3.058,
  "beta_offset": 0.004691674744616847,
  "correlation_beta_xi": 0.008183048775237501
}