test,rmse_soft,rmse_hard,gap
Expert Holdout,1.8069190009456475,1.8069190009456475,1.9000945647551504e-05
Expert Train,0.5225241149551249,0.5225241149551249,2.4114955124887594e-05
Pairing (K=3),1.1175414479885064,1.4562323666948127,0.010541447988506425
Base (K=3),1.1188320307918878,1.45741899351658,0.011832030791887771
K=4,0.8162219916544338,1.1335066157328444,0.2907780083455662
K=5,0.6402695508135668,1.0197919700978646,0.46673044918643314
K=2,1.8465907550101104,2.1317925633139256,0.7395907550101104
