Model,K,d,RMSE_soft,R2_soft,RMSE_hard,R2_hard,LL
A-only,5,2,0.6402695508135668,0.9994218779164524,1.0197919700978646,0.9985333819087275,-15648.45061711923
Augmented,5,2,0.6402695508135668,0.9994218779164524,1.0197919700978646,0.9985333819087275,-15648.45061711923
