{
  "model_info": {
    "description": "QFD Stability Analysis via Geometric Indices",
    "tau_muon_experimental": 2.196981e-06,
    "tau_tau_experimental": 2.903e-13,
    "U0_reference": 0.99,
    "exponents": {
      "aU": 4.0,
      "aR": 1.0,
      "aI": 1.0,
      "aK": 1.0
    }
  },
  "features": {
    "electron": {
      "U": 0.0014321832326822273,
      "R_eff": 15.925079561016641,
      "I": 253.60815902471,
      "Q": 0.04727637395262718,
      "L": 0.0008226907229982316,
      "K": 8.38322639465332,
      "energy": 0.09230169653892517,
      "grid_size": 32
    },
    "muon": {
      "U": 0.0014502341867838702,
      "R_eff": 15.995971445583663,
      "I": 255.8711024879279,
      "Q": 0.047843024134635925,
      "L": 0.0008562721777707338,
      "K": 8.477668762207031,
      "energy": 0.09464306384325027,
      "grid_size": 32
    },
    "tau": {
      "U": 0.0014516885122173027,
      "R_eff": 16.00157809148319,
      "I": 256.05050141783477,
      "Q": 0.047835323959589005,
      "L": 0.0008634113473817706,
      "K": 8.488847732543945,
      "energy": 0.09483297914266586,
      "grid_size": 32
    }
  },
  "geometric_indices": {
    "G_electron": 4.379792758946634e-12,
    "G_muon": 4.614594620997407e-12,
    "G_tau": 4.631898637939835e-12
  },
  "csr_handles": {
    "chi_electron": 1.533619202844024e-07,
    "chi_muon": 1.6010659300158877e-07,
    "chi_tau": 1.613024043448151e-07
  },
  "fitted_parameters": {
    "k_csr": -6245838.989112037,
    "k0": -0.00046810304471170937,
    "fit_successful": true
  },
  "predicted_lifetimes": {
    "electron_model_s": -4.866798576725742e-14,
    "muon_s": 2.1992177606496214e-06,
    "tau_s": 2.902999778162445e-13
  },
  "prediction_errors": {
    "muon_error_s": 2.2367606496214352e-09,
    "tau_error_s": -2.2183755475631073e-20,
    "muon_relative_error": 0.001018106505983181,
    "tau_relative_error": 7.641665682270436e-08
  },
  "analysis_summary": {
    "model_valid": true,
    "muon_prediction_accuracy": 0.9989818934940168,
    "tau_prediction_accuracy": 0.9999999235833432,
    "overall_success": true
  }
}