cluster,c1,c2,n_train,n_holdout
0,0.34746477329023673,0.34008428141229285,779,1777
1,0.5388847928813758,0.3149768513279658,809,0
2,0.7191096044644307,0.29173955235026255,812,1665
