model,dataset,n_isotopes,accuracy,stable_precision,stable_recall,stable_f1
Single Backbone,Ground States Only,3557,0.8917627213944335,0.2755102040816326,0.3201581027667984,0.2961608775137112
Three-Regime,Ground States Only,3557,0.8923249929716053,0.2743055555555556,0.31225296442687744,0.2920517560073937
