model,accuracy,stable_precision,stable_recall,stable_f1
Single Backbone,0.8853132488873673,0.14013840830449828,0.3188976377952756,0.19471153846153846
Three-Regime,0.8871961656966793,0.14031971580817051,0.3110236220472441,0.193390452876377
