mode,curve,obs,exp,chi2,enhancement
β⁻,poor,240,70.5,407.52127659574467,3.404255319148936
β⁻,nom,88,70.5,4.343971631205674,1.24822695035461
β⁻,rich,1,70.5,68.51418439716312,0.014184397163120567
β⁺/EC,poor,56,70.65,3.0378273177636257,0.7926397735314932
β⁺/EC,nom,198,70.65,229.5544585987261,2.8025477707006368
β⁺/EC,rich,202,70.65,244.20130927105444,2.859164897381458
