Model,K,d,RMSE_soft,R2_soft,RMSE_hard,R2_hard,LL
A-only,3,2,1.1188320307918878,0.9982346791757819,1.45741899351658,0.9970045456042589,-15736.234015311067
Augmented,3,3,1.1175414479885064,0.9982387494537504,1.4562323666948127,0.997009421401155,-15733.589965861645
