{
  "correction": "Density gradient \u03c1(r) used instead of constant \u03c1_vac",
  "beta_used": 3.1,
  "test_result": {
    "circulation_core": 9.939711839091123e-06,
    "circulation_shell": 0.0007750999569473144,
    "circulation_total": 0.0007850396687864054,
    "stabilization_core": 0.1851248444445289,
    "stabilization_shell": 0.4557392034793279,
    "stabilization_total": 0.6408640479238568,
    "net_core": -0.1851149047326898,
    "net_shell": -0.4549641035223806,
    "total_mass": -0.6400790082550704
  },
  "optimized_result": {
    "R": 0.4391570850416555,
    "U": 0.024167718442850303,
    "amplitude": 0.8990372048218862,
    "E_circulation": 1.2168460812129132,
    "E_stabilization": 0.2167837359065002,
    "E_total": 1.000062345306413,
    "breakdown": {
      "circulation_core": 5.56344071320833e-06,
      "circulation_shell": 0.0,
      "circulation_total": 5.56344071320833e-06,
      "stabilization_core": 0.059463763767286536,
      "stabilization_shell": 0.0,
      "stabilization_total": 0.059463763767286536,
      "net_core": -0.05945820032657333,
      "net_shell": 0.0,
      "total_mass": -0.05945820032657333
    },
    "beta_used": 3.1,
    "success": true
  },
  "conclusion": "Density gradient correction validated!"
}