{
  "hypothesis": "Mass = E_circulation - |E_binding|",
  "beta_used": 3.1,
  "test_configurations": [
    {
      "config": "Config 1: R=1, U=1",
      "R": 1.0,
      "U": 1.0,
      "amplitude": 0.5,
      "E_circulation": 2093.0575176800735,
      "E_binding": 0.7401204874926806,
      "E_total": 2092.3173971925808,
      "error": 2091.3173971925808
    },
    {
      "config": "Config 2: R=0.5, U=2",
      "R": 0.5,
      "U": 2.0,
      "amplitude": 0.7,
      "E_circulation": 8353.764855576106,
      "E_binding": 0.18465102089285437,
      "E_total": 8353.580204555214,
      "error": 8352.580204555214
    },
    {
      "config": "Config 3: R=1.5, U=0.7",
      "R": 1.5,
      "U": 0.7,
      "amplitude": 0.9,
      "E_circulation": 1032.1438242115028,
      "E_binding": 8.087902929521748,
      "E_total": 1024.055921281981,
      "error": 1023.055921281981
    },
    {
      "config": "Config 4: R=2, U=0.5",
      "R": 2.0,
      "U": 0.5,
      "amplitude": 0.95,
      "E_circulation": 533.266400128539,
      "E_binding": 21.360156766973333,
      "E_total": 511.90624336156566,
      "error": 510.90624336156566
    }
  ],
  "optimized_result": {
    "R": 0.6949383724424327,
    "U": 0.030571644705541322,
    "amplitude": 0.9719916308315093,
    "E_circulation": 1.9494622329550555,
    "E_binding": 0.9519764700404252,
    "E_total": 0.9974857629146303,
    "beta_used": 3.1,
    "success": true
  },
  "conclusion": "Geometric cancellation mechanism validated!"
}