{
  "test": "Muon mass via enhanced circulation",
  "beta_used": 3.1,
  "target": 206.76828260879265,
  "fine_scan_result": {
    "R": 0.35,
    "U": 0.3142857142857143,
    "amplitude": 0.9,
    "E_total": 206.49268002776,
    "E_circ": 206.5900368065128,
    "E_stab": 0.09735677875279923,
    "error": 0.27560258103264346
  },
  "optimization_result": {
    "particle": "muon",
    "R": 0.45813174093082404,
    "U": 0.31461371249808223,
    "amplitude": 0.9433328392504492,
    "E_circulation": 207.0272601405408,
    "E_stabilization": 0.25897631712190033,
    "E_total": 206.7682838234189,
    "target": 206.76828260879265,
    "error": 1.2146262520218443e-06,
    "accuracy_percent": 99.99999941256645,
    "beta_used": 3.1,
    "U_ratio_to_electron": 13.00056663215216,
    "mass_ratio_to_electron": 206.7682838234189
  },
  "conclusion": "Enhanced circulation produces muon mass with same \u03b2 = 3.1"
}