{
  "energy_MeV": 9.639477305243477e+16,
  "Q_star": 8.221182718472033,
  "R_eff_fm": 55982562.82611907,
  "converged": false,
  "iterations": 16
}