{
  "beta": 3.1,
  "v": 1.0,
  "masses_predicted": {
    "electron": 6.93967557512147,
    "muon": 20.000005507333675,
    "tau": 52.09373428430253
  },
  "masses_experimental": {
    "electron": 0.5109989461,
    "muon": 105.6583745,
    "tau": 1776.86
  },
  "ratios": {
    "mu_e_predicted": 2.8819798981717675,
    "mu_e_experimental": 206.76828260879265,
    "tau_e_predicted": 7.5066526843210095,
    "tau_e_experimental": 3477.2283065575584
  },
  "koide": {
    "predicted": 0.3851929873794101,
    "experimental": 0.6666605124107324,
    "target": 0.6666666666666666
  },
  "success": 