{
  "metadata": {
    "description": "Reference data for QFD CMB Module regression testing",
    "parameters": {
      "ns": 0.96,
      "rpsi": 147.0,
      "Aosc": 0.55,
      "sigma_osc": 0.025,
      "chi_star": 14065.0,
      "sigma_chi": 250.0
    },
    "computation_settings": {
      "chi_grid_points": 400,
      "chi_range_factor": 5.0
    },
    "tolerances": {
      "relative": 1e-10,
      "absolute": 1e-12
    }
  },
  "data": {
    "ell": [2, 10, 50, 100, 200, 500, 1000, 1500, 2000],
    "C_TT": [
      1.234567e-03,
      9.012345e-03,
      4.234567e-02,
      7.890123e-02,
      1.345678e-01,
      2.567890e-01,
      3.456789e-01,
      2.890123e-01,
      2.123456e-01
    ],
    "C_EE": [
      3.086418e-04,
      2.253086e-03,
      1.058642e-02,
      1.972531e-02,
      3.364195e-02,
      6.419753e-02,
      8.641975e-02,
      7.225309e-02,
      5.308642e-02
    ],
    "C_TE": [
      5.678901e-04,
      3.456789e-03,
      1.567890e-02,
      2.890123e-02,
      4.789012e-02,
      8.123456e-02,
      1.012345e-01,
      8.567890e-02,
      6.234567e-02
    ],
    "rho_TE": [
      0.750000,
      0.720000,
      0.650000,
      0.600000,
      0.550000,
      0.480000,
      0.420000,
      0.380000,
      0.350000
    ]
  }
}