{
  "c_v2_base": 2.201711,
  "c_v2_iso": 0.027035,
  "c_v2_mass": -0.000205,
  "c_v4_base": 5.282364,
  "c_v4_size": -0.085018,
  "alpha_e_scale": 1.007419,
  "beta_e_scale": 0.504312,
  "c_sym": 25.0,
  "kappa_rho": 0.029816
}
