split,N,RMSE,R2
train2400,2400,0.5225241149551249,0.9996776421185272
holdout_all,3442,1.8069190009456473,0.9946733966915619
holdout_clean90,3100,1.6214338644104453,0.9959177733471198
overall,5842,1.4268213153749698,0.997129001013129
holdout_clean90_threshold_abs_residual,3100,2.393601201883044,
