Model,K,d,RMSE_soft,R2_soft,RMSE_hard,R2_hard,LL
A-only,4,2,0.8162219916544338,0.9990604704464479,1.1335066157328444,0.9981880676438124,-15694.265736131576
Augmented,4,2,0.8162219916544338,0.9990604704464479,1.1335066157328444,0.9981880676438124,-15694.265736131576
